{"cameraMode":{"drawMode":0,"name":"Shaded","section":"Shading Mode"},"sceneLighting":false,"audioPlay":false,"sceneViewState":{"m_AlwaysRefresh":false,"showFog":true,"showSkybox":false,"showFlares":true,"showImageEffects":true,"showParticleSystems":true,"showVisualEffectGraphs":true,"m_FxEnabled":true},"in2DMode":false,"pivot":{"x":-0.28999996185302737,"y":11.289999961853028,"z":-0.36000001430511477},"rotation":{"x":-0.0032979354728013279,"y":-0.9912110567092896,"z":0.12888944149017335,"w":-0.023459549993276597},"size":0.4330126941204071,"orthographic":false}